{"1": {"path": "/home/kale/research/projects/201904_bind_dna/notebook/20190501_run_ashworth2006_on_zif268/demo_work/preoptimize/iteration_1.pdb", "cst_stdev": 0.5, "objective": -0.21482235517138962, "score_reu": -209.32487679108414, "score_diff_reu": -493.56062800185566}, "2": {"path": "/home/kale/research/projects/201904_bind_dna/notebook/20190501_run_ashworth2006_on_zif268/demo_work/preoptimize/iteration_2.pdb", "cst_stdev": 5.0, "objective": 0.6650670312328395, "score_reu": -266.65225586849294, "score_diff_reu": -550.8880070792645}, "3": {"path": "/home/kale/research/projects/201904_bind_dna/notebook/20190501_run_ashworth2006_on_zif268/demo_work/preoptimize/iteration_3.pdb", "cst_stdev": 1.5986615058760834, "objective": -0.03336962833995765, "score_reu": -246.4805110396184, "score_diff_reu": -530.71626225039}, "4": {"path": "/home/kale/research/projects/201904_bind_dna/notebook/20190501_run_ashworth2006_on_zif268/demo_work/preoptimize/iteration_4.pdb", "cst_stdev": 1.7910549068375967, "objective": -0.015330560143265969, "score_reu": -250.2268768370195, "score_diff_reu": -534.462628047791}, "5": {"path": "/home/kale/research/projects/201904_bind_dna/notebook/20190501_run_ashworth2006_on_zif268/demo_work/preoptimize/iteration_5.pdb", "cst_stdev": 1.950203599576287, "objective": 0.04092627472915205, "score_reu": -247.8166462745306, "score_diff_reu": -532.0523974853021}, "6": {"path": "/home/kale/research/projects/201904_bind_dna/notebook/20190501_run_ashworth2006_on_zif268/demo_work/preoptimize/iteration_6.pdb", "cst_stdev": 1.8410549068375974, "objective": -0.017001317349667748, "score_reu": -253.02625615865614, "score_diff_reu": -537.2620073694277}, "7": {"path": "/home/kale/research/projects/201904_bind_dna/notebook/20190501_run_ashworth2006_on_zif268/demo_work/preoptimize/iteration_7.pdb", "cst_stdev": 1.895629253206942, "objective": 0.01743184636759386, "score_reu": -246.9120287785223, "score_diff_reu": -531.1477799892939}, "1": {"path": "/home/kale/research/projects/201904_bind_dna/notebook/20190501_run_ashworth2006_on_zif268/demo_work/preoptimize/iteration_1.pdb", "cst_stdev": 0.5, "objective": -0.21170286172333663, "score_reu": -208.29232404542432, "score_diff_reu": -492.52807525619585}, "2": {"path": "/home/kale/research/projects/201904_bind_dna/notebook/20190501_run_ashworth2006_on_zif268/demo_work/preoptimize/iteration_2.pdb", "cst_stdev": 5.0, "objective": 0.665343130136085, "score_reu": -270.8474643600995, "score_diff_reu": -555.0832155708711}, "3": {"path": "/home/kale/research/projects/201904_bind_dna/notebook/20190501_run_ashworth2006_on_zif268/demo_work/preoptimize/iteration_3.pdb", "cst_stdev": 1.586217697358468, "objective": -0.03914728236443256, "score_reu": -243.3807828957769, "score_diff_reu": -527.6165341065484}, "4": {"path": "/home/kale/research/projects/201904_bind_dna/notebook/20190501_run_ashworth2006_on_zif268/demo_work/preoptimize/iteration_4.pdb", "cst_stdev": 1.818951827364742, "objective": -0.047035350877601474, "score_reu": -250.86678566477642, "score_diff_reu": -535.1025368755479}, "5": {"path": "/home/kale/research/projects/201904_bind_dna/notebook/20190501_run_ashworth2006_on_zif268/demo_work/preoptimize/iteration_5.pdb", "cst_stdev": 3.409475913682371, "objective": 0.4162942135872638, "score_reu": -260.6765426640467, "score_diff_reu": -544.9122938748183}, "6": {"path": "/home/kale/research/projects/201904_bind_dna/notebook/20190501_run_ashworth2006_on_zif268/demo_work/preoptimize/iteration_6.pdb", "cst_stdev": 1.980415425237308, "objective": 0.01060624302183967, "score_reu": -249.40916457436504, "score_diff_reu": -533.6449157851366}, "7": {"path": "/home/kale/research/projects/201904_bind_dna/notebook/20190501_run_ashworth2006_on_zif268/demo_work/preoptimize/iteration_7.pdb", "cst_stdev": 1.9304154252373071, "objective": -0.008901423812358512, "score_reu": -254.27539293699425, "score_diff_reu": -538.5111441477658}}