{"1": {"path": "/home/kale/research/projects/201904_bind_dna/notebook/20190501_run_ashworth2006_on_zif268/demo_work/optimize/iteration_1.pdb", "cst_stdev": 1.4304154252373071, "objective": -0.10240029719689978, "score_reu": -244.58980068924092, "score_diff_reu": -528.8255519000124}, "2": {"path": "/home/kale/research/projects/201904_bind_dna/notebook/20190501_run_ashworth2006_on_zif268/demo_work/optimize/iteration_2.pdb", "cst_stdev": 2.430415425237307, "objective": 0.1641526238407, "score_reu": -260.0227203955321, "score_diff_reu": -544.2584716063036}, "3": {"path": "/home/kale/research/projects/201904_bind_dna/notebook/20190501_run_ashworth2006_on_zif268/demo_work/optimize/iteration_3.pdb", "cst_stdev": 1.8145804038025026, "objective": -0.017108996604282344, "score_reu": -249.947583277109, "score_diff_reu": -534.1833344878805}, "4": {"path": "/home/kale/research/projects/201904_bind_dna/notebook/20190501_run_ashworth2006_on_zif268/demo_work/optimize/iteration_4.pdb", "cst_stdev": 1.8843682097658152, "objective": 0.013366014067402135, "score_reu": -244.5352982462327, "score_diff_reu": -528.7710494570042}, "5": {"path": "/home/kale/research/projects/201904_bind_dna/notebook/20190501_run_ashworth2006_on_zif268/demo_work/optimize/iteration_5.pdb", "cst_stdev": 1.8537600237248681, "objective": 0.02108748587087743, "score_reu": -251.87510461839483, "score_diff_reu": -536.1108558291663}, "1": {"path": "/home/kale/research/projects/201904_bind_dna/notebook/20190501_run_ashworth2006_on_zif268/demo_work/optimize/iteration_1.pdb", "cst_stdev": 1.4304154252373071, "objective": -0.07234454014381284, "score_reu": -237.78594641380485, "score_diff_reu": -522.0216976245764}, "2": {"path": "/home/kale/research/projects/201904_bind_dna/notebook/20190501_run_ashworth2006_on_zif268/demo_work/optimize/iteration_2.pdb", "cst_stdev": 2.430415425237307, "objective": 0.135525608126007, "score_reu": -259.3818311064542, "score_diff_reu": -543.6175823172257}, "3": {"path": "/home/kale/research/projects/201904_bind_dna/notebook/20190501_run_ashworth2006_on_zif268/demo_work/optimize/iteration_3.pdb", "cst_stdev": 1.7784429835277265, "objective": -0.0017774468089076633, "score_reu": -247.6701249726432, "score_diff_reu": -531.9058761834148}, "4": {"path": "/home/kale/research/projects/201904_bind_dna/notebook/20190501_run_ashworth2006_on_zif268/demo_work/optimize/iteration_4.pdb", "cst_stdev": 1.8034429835277273, "objective": -0.0520229409982534, "score_reu": -250.76242276463088, "score_diff_reu": -534.9981739754024}, "5": {"path": "/home/kale/research/projects/201904_bind_dna/notebook/20190501_run_ashworth2006_on_zif268/demo_work/optimize/iteration_5.pdb", "cst_stdev": 2.116929204382517, "objective": 0.058428121530006635, "score_reu": -258.2878493367795, "score_diff_reu": -542.523600547551}, "6": {"path": "/home/kale/research/projects/201904_bind_dna/notebook/20190501_run_ashworth2006_on_zif268/demo_work/optimize/iteration_6.pdb", "cst_stdev": 1.9510963858399184, "objective": 0.06038250339376648, "score_reu": -249.0724332025881, "score_diff_reu": -533.3081844133596}, "7": {"path": "/home/kale/research/projects/201904_bind_dna/notebook/20190501_run_ashworth2006_on_zif268/demo_work/optimize/iteration_7.pdb", "cst_stdev": 1.8717792129534954, "objective": -0.03181271327905673, "score_reu": -251.81980187124844, "score_diff_reu": -536.05555308202}, "8": {"path": "/home/kale/research/projects/201904_bind_dna/notebook/20190501_run_ashworth2006_on_zif268/demo_work/optimize/iteration_8.pdb", "cst_stdev": 1.9114377993967069, "objective": -0.011299511228814233, "score_reu": -255.37804307126106, "score_diff_reu": -539.6137942820326}}