{"1": {"path": "/home/kale/research/projects/201904_bind_dna/notebook/20190501_run_ashworth2006_on_zif268/relax_1aay/iteration_1.pdb", "cst_stdev": 0.5, "objective": -0.21881719596355131, "score_reu": -213.72197597113382, "score_diff_reu": -497.95772718190534}, "2": {"path": "/home/kale/research/projects/201904_bind_dna/notebook/20190501_run_ashworth2006_on_zif268/relax_1aay/iteration_2.pdb", "cst_stdev": 5.0, "objective": 1.329808018577023, "score_reu": -280.70424685850713, "score_diff_reu": -564.9399980692787}, "3": {"path": "/home/kale/research/projects/201904_bind_dna/notebook/20190501_run_ashworth2006_on_zif268/relax_1aay/iteration_3.pdb", "cst_stdev": 1.1358396935491601, "objective": -0.14633737550529627, "score_reu": -242.88279624905823, "score_diff_reu": -527.1185474598298}, "4": {"path": "/home/kale/research/projects/201904_bind_dna/notebook/20190501_run_ashworth2006_on_zif268/relax_1aay/iteration_4.pdb", "cst_stdev": 2.292339596709741, "objective": 0.19373134379127516, "score_reu": -259.97065729310793, "score_diff_reu": -544.2064085038794}, "5": {"path": "/home/kale/research/projects/201904_bind_dna/notebook/20190501_run_ashworth2006_on_zif268/relax_1aay/iteration_5.pdb", "cst_stdev": 1.6335013454373963, "objective": -0.06747895430385098, "score_reu": -251.93577632613173, "score_diff_reu": -536.1715275369032}, "6": {"path": "/home/kale/research/projects/201904_bind_dna/notebook/20190501_run_ashworth2006_on_zif268/relax_1aay/iteration_6.pdb", "cst_stdev": 1.9493390966514677, "objective": 0.05085113829566701, "score_reu": -262.96111843139255, "score_diff_reu": -547.1968696421641}, "7": {"path": "/home/kale/research/projects/201904_bind_dna/notebook/20190501_run_ashworth2006_on_zif268/relax_1aay/iteration_7.pdb", "cst_stdev": 1.8136110767272726, "objective": 0.003846529998647477, "score_reu": -253.47915961312276, "score_diff_reu": -537.7149108238943}, "8": {"path": "/home/kale/research/projects/201904_bind_dna/notebook/20190501_run_ashworth2006_on_zif268/relax_1aay/iteration_8.pdb", "cst_stdev": 1.7886110767272718, "objective": -0.04564180604813721, "score_reu": -261.4276048229908, "score_diff_reu": -545.6633560337623}}