{"0": {"path": "/home/kale/research/projects/201904_bind_dna/notebook/20190501_run_ashworth2006_on_zif268/demo_work/relax/0.pdb", "score_reu": -252.35209321233071, "score_diff_reu": -536.5878444231023}, "1": {"path": "/home/kale/research/projects/201904_bind_dna/notebook/20190501_run_ashworth2006_on_zif268/demo_work/relax/1.pdb", "score_reu": -248.55668227792364, "score_diff_reu": -532.7924334886952}, "2": {"path": "/home/kale/research/projects/201904_bind_dna/notebook/20190501_run_ashworth2006_on_zif268/demo_work/relax/2.pdb", "score_reu": -246.79091894137534, "score_diff_reu": -531.0266701521468}}